Product Name,Product Code,Product Code Type,Status
Electronic Super Joy: Groove City,0HXRW-MJQWI-30CHX,Unknown,Unknown
Electronic Super Joy: Groove City Soundtrack,TEBXP-LG0RM-FMDFH,Unknown,Unknown
Probability 0,6MIAV-NXL25-ZXLJK,Unknown,Unknown
GIGANTIC ARMY,V43WX-BMXKR-RMAVC,Unknown,Unknown
One Way Heroics,H46FH-MYLZT-KZ8PV,Unknown,Unknown
Unholy Heights,PL6L3-307MH-TLJG8,Unknown,Unknown
BioShock,IC950-69W6M-XHI3I,Unknown,Unknown
The Bureau: XCOM Declassified,95N8L-2A2QH-YTX48,Unknown,Unknown
The Darkness II,5FNX8-W63KP-TFDQM,Unknown,Unknown
